time,LP1,LP2,LP3,LP4,gyroX,gyroY,gyroZ,accelX,accelY,accelZ,temp
2,4066,4054,4066,4066,0,0,-63,-50,-8,-63,-1
31,4065,4055,4064,4066,-63,0,-63,-50,-8,-63,-1
36,4065,4055,4066,4066,0,0,-63,-50,-8,-63,-1
41,4065,4055,4065,4066,0,-63,0,-50,-8,-63,-1
46,4065,4054,4065,4066,0,0,0,-50,-8,-63,-1
51,4065,4055,4065,4066,0,-63,0,-50,-8,-63,-1
56,4065,4055,4064,4066,0,-63,0,-50,-8,-63,-1
60,4066,4055,4065,4066,0,0,0,-50,-8,-63,-1
65,4066,4054,4065,4066,-63,0,0,-50,-8,-63,-1
70,4066,4055,4066,4066,0,0,-63,-50,-8,-63,-1
76,4065,4054,4066,4066,-63,0,-63,-50,-8,-63,-1
80,4065,4054,4066,4065,-63,0,-63,-50,-8,-63,-1
85,4066,4055,4065,4066,0,-63,0,-50,-8,-63,-1
90,4066,4055,4065,4066,0,-63,0,-50,-8,-63,-1
95,4065,4054,4065,4065,0,-63,0,-50,-8,-63,-1
100,4065,4054,4065,4065,0,-63,0,-50,-8,-63,-1
105,4066,4054,4065,4067,0,0,0,-50,-8,-62,-1
111,4065,4055,4066,4067,-63,0,0,-50,-7,-63,-1
116,4066,4054,4065,4066,-63,0,-63,-50,-8,-63,-1
120,4066,4055,4065,4066,-63,0,-63,-50,-8,-63,-1
126,4066,4054,4066,4066,-63,0,-63,-50,-8,-63,-1
131,4065,4054,4066,4066,0,0,0,-50,-8,-63,-1
136,4065,4054,4065,4066,0,-63,0,-50,-8,-63,-1
141,4065,4054,4064,4066,0,-63,0,-50,-8,-63,-1
146,4064,4055,4065,4066,0,-63,0,-50,-8,-63,-1
151,4066,4054,4065,4065,0,-63,0,-50,-8,-63,-1
156,4067,4055,4066,4066,-63,0,0,-50,-8,-63,-1
160,4066,4054,4065,4066,0,0,0,-50,-8,-63,-1
165,4066,4054,4064,4066,-63,0,0,-50,-8,-63,-1
170,4065,4055,4064,4065,-63,0,-63,-50,-8,-63,-1
176,4065,4054,4065,4066,-63,0,-63,-50,-8,-63,-1
180,4066,4055,4065,4065,0,0,-63,-50,-8,-63,-1
185,4066,4055,4065,4066,0,-63,0,-50,-8,-63,-1
190,4065,4055,4065,4066,0,-63,0,-50,-8,-63,-1
196,4066,4055,4066,4066,0,0,0,-50,-8,-63,-1
200,4066,4055,4065,4066,0,0,0,-50,-8,-63,-1
205,4066,4054,4066,4067,0,0,0,-50,-8,-63,-1
211,4066,4054,4065,4066,0,0,0,-50,-8,-63,-1
216,4065,4055,4065,4065,0,0,-63,-50,-8,-63,-1
221,4065,4055,4065,4066,0,0,-63,-50,-8,-63,-1
226,4065,4054,4065,4066,0,0,0,-50,-8,-63,-1
231,4065,4055,4065,4066,0,0,0,-50,-8,-63,-1
236,4065,4055,4066,4066,0,0,0,-50,-8,-63,-1
241,4065,4055,4065,4066,0,0,0,-50,-8,-63,-1
246,4066,4055,4065,4066,0,0,0,-50,-8,-63,-1
251,4065,4055,4065,4066,0,0,0,-50,-8,-63,-1
256,4066,4054,4065,4066,0,0,0,-50,-8,-63,-1
261,4066,4055,4065,4067,0,0,0,-50,-8,-63,-1
266,4065,4055,4065,4065,-63,0,0,-50,-8,-63,-1
271,4066,4054,4065,4065,-63,0,0,-50,-8,-63,-1
276,4065,4054,4065,4066,-63,0,0,-50,-8,-63,-1
280,4066,4055,4065,4065,0,0,0,-50,-8,-63,-1
285,4066,4055,4065,4067,0,0,0,-50,-8,-63,-1
290,4066,4054,4065,4066,0,0,0,-50,-8,-63,-1
296,4065,4054,4065,4066,0,0,0,-50,-8,-63,-1
300,4066,4054,4066,4067,0,0,0,-50,-8,-63,-1
305,4066,4055,4065,4066,-63,0,0,-50,-8,-63,-1
310,4066,4055,4065,4066,0,0,0,-50,-8,-63,-1
316,4065,4054,4065,4066,0,0,0,-50,-8,-63,-1
320,4066,4055,4065,4065,0,0,0,-50,-8,-63,-1
325,4065,4054,4065,4065,0,0,0,-50,-8,-63,-1
331,4066,4055,4065,4066,0,0,0,-50,-8,-63,-1
335,4065,4055,4065,4066,0,0,0,-50,-8,-63,-1
340,4066,4055,4065,4067,0,0,0,-50,-8,-63,-1
345,4066,4054,4066,4066,0,0,0,-50,-8,-63,-1
350,4065,4055,4065,4066,0,0,0,-50,-8,-63,-1
356,4066,4054,4065,4066,0,0,0,-50,-8,-63,-1
360,4065,4055,4065,4067,0,0,0,-50,-8,-63,-1
366,4065,4054,4065,4066,0,0,-63,-50,-8,-63,-1
371,4065,4055,4065,4065,0,0,-63,-50,-8,-63,-1
376,4066,4055,4065,4066,0,0,0,-50,-8,-63,-1
381,4066,4055,4065,4066,0,0,0,-50,-8,-63,-1
386,4066,4055,4066,4066,-63,0,0,-50,-8,-63,-1
391,4066,4055,4066,4065,0,0,0,-50,-8,-63,-1
396,4066,4054,4065,4066,0,-63,0,-50,-8,-63,-1
401,4066,4054,4065,4065,0,-63,0,-50,-8,-63,-1
406,4066,4055,4066,4066,0,0,0,-50,-8,-63,-1
411,4065,4054,4066,4066,0,-63,0,-50,-8,-63,-1
416,4066,4055,4066,4066,0,0,0,-50,-8,-63,-1
421,4065,4054,4066,4066,-63,0,0,-50,-8,-63,-1
426,4066,4054,4065,4066,-63,0,0,-50,-8,-63,-1
431,4067,4054,4065,4066,0,0,-63,-50,-8,-63,-1
436,4065,4055,4065,4066,0,0,-63,-50,-8,-63,-1
441,4064,4054,4064,4066,-63,0,0,-50,-8,-63,-1
446,4066,4054,4065,4066,-63,0,0,-50,-8,-63,-1
451,4065,4055,4066,4066,-63,0,0,-50,-8,-63,-1
456,4066,4054,4065,4066,-63,0,0,-50,-8,-63,-1
461,4065,4055,4065,4066,0,0,0,-50,-8,-63,-1
466,4065,4054,4065,4066,0,0,0,-50,-8,-63,-1
472,4065,4054,4066,4066,0,0,0,-50,-8,-63,-1
476,4067,4054,4066,4066,0,0,0,-50,-8,-63,-1
481,4066,4054,4065,4066,0,0,0,-50,-8,-63,-1
487,4065,4055,4065,4066,0,0,0,-50,-8,-63,-1
492,4065,4054,4065,4066,0,-63,0,-50,-8,-63,-1
496,4066,4055,4066,4066,0,-63,0,-50,-8,-63,-1
501,4066,4054,4065,4066,0,0,0,-50,-8,-63,-1
506,4064,4054,4065,4066,0,0,0,-50,-8,-63,-1
512,4064,4055,4065,4066,0,0,0,-50,-8,-63,-1
516,4065,4054,4066,4065,0,0,-63,-50,-8,-63,-1
521,4066,4055,4066,4066,0,0,-63,-50,-8,-63,-1
527,4066,4054,4066,4065,-63,0,-63,-50,-8,-63,-1
532,4065,4054,4066,4066,-63,0,0,-50,-8,-63,-1
537,4065,4055,4065,4066,-63,0,0,-50,-8,-63,-1
542,4066,4055,4066,4066,-63,0,0,-50,-8,-63,-1
547,4066,4055,4064,4066,0,0,0,-50,-8,-63,-1
552,4065,4055,4066,4065,0,0,0,-50,-8,-63,-1
557,4066,4055,4064,4066,0,0,0,-50,-8,-63,-1
562,4066,4054,4065,4065,-63,0,0,-50,-8,-63,-1
567,4066,4055,4065,4066,-63,0,0,-50,-8,-63,-1
572,4066,4055,4066,4065,0,0,0,-50,-8,-63,-1
577,4065,4055,4065,4065,0,-63,0,-50,-8,-63,-1
582,4065,4055,4065,4067,0,-63,0,-50,-8,-63,-1
587,4065,4055,4065,4065,0,0,0,-50,-8,-63,-1
592,4066,4055,4066,4066,0,0,0,-50,-8,-63,-1
596,4064,4055,4066,4066,0,0,0,-50,-8,-63,-1
601,4066,4054,4065,4066,0,0,0,-50,-8,-63,-1
606,4066,4055,4065,4066,0,0,0,-50,-8,-63,-1
612,4066,4055,4066,4066,-63,0,0,-50,-8,-63,-1
616,4066,4055,4065,4066,-63,0,0,-50,-8,-63,-1
621,4066,4054,4064,4065,-63,0,0,-50,-8,-63,-1
627,4064,4054,4064,4065,0,0,0,-50,-8,-63,-1
632,4066,4054,4065,4066,0,0,0,-50,-8,-63,-1
637,4066,4054,4066,4066,0,0,0,-50,-8,-63,-1
642,4066,4055,4065,4067,0,0,0,-50,-8,-63,-1
647,4065,4055,4065,4066,0,0,0,-50,-8,-63,-1
652,4065,4054,4065,4066,-63,0,0,-50,-8,-63,-1
657,4066,4054,4065,4067,-63,0,0,-50,-8,-63,-1
662,4066,4055,4065,4065,-63,0,0,-50,-8,-63,-1
667,4065,4055,4066,4065,0,0,0,-50,-8,-63,-1
672,4065,4054,4065,4067,0,0,0,-50,-8,-63,-1
676,4066,4055,4065,4066,0,0,0,-50,-8,-63,-1
681,4066,4055,4065,4065,0,0,0,-50,-8,-63,-1
686,4066,4054,4065,4066,-63,0,0,-50,-8,-63,-1
692,4066,4055,4065,4066,-63,0,0,-50,-8,-63,-1
696,4066,4054,4065,4065,-63,0,0,-50,-8,-63,-1
701,4065,4055,4065,4066,0,0,0,-50,-8,-63,-1
706,4066,4054,4065,4065,0,0,0,-50,-8,-63,-1
711,4066,4055,4065,4065,0,0,0,-50,-8,-63,-1
716,4065,4055,4066,4066,0,0,0,-50,-8,-63,-1
721,4065,4054,4065,4065,0,0,0,-50,-8,-63,-1
726,4066,4054,4065,4066,0,0,0,-50,-8,-63,-1
732,4065,4054,4065,4065,0,0,0,-50,-8,-63,-1
736,4066,4055,4065,4066,0,0,0,-50,-8,-63,-1
742,4066,4055,4066,4066,0,-63,0,-50,-8,-63,-1
747,4066,4054,4065,4066,0,0,0,-50,-8,-63,-1
752,4065,4054,4064,4066,0,0,0,-50,-8,-63,-1
757,4065,4055,4065,4066,0,0,0,-50,-8,-63,-1
762,4066,4054,4065,4065,0,0,0,-50,-8,-63,-1
767,4065,4055,4065,4067,0,0,0,-50,-8,-63,-1
772,4066,4055,4065,4066,0,0,0,-50,-8,-63,-1
776,4066,4054,4065,4066,0,0,0,-50,-8,-63,-1
781,4065,4054,4066,4066,-63,0,0,-50,-8,-63,-1
787,4066,4055,4065,4066,-63,0,0,-50,-8,-63,-1
792,4065,4055,4065,4066,-63,0,0,-50,-8,-63,-1
797,4067,4055,4066,4067,0,0,0,-50,-8,-63,-1
802,4066,4054,4065,4066,0,0,0,-50,-8,-63,-1
807,4065,4054,4065,4066,0,0,0,-50,-8,-63,-1
812,4065,4055,4065,4066,-63,0,0,-50,-8,-63,-1
816,4066,4055,4066,4067,-63,0,0,-50,-8,-63,-1
821,4065,4055,4065,4066,-63,0,0,-50,-8,-63,-1
827,4065,4054,4065,4066,0,0,0,-50,-8,-63,-1
832,4065,4055,4065,4066,0,-63,0,-50,-8,-63,-1
837,4066,4055,4066,4066,0,0,0,-50,-8,-63,-1
842,4065,4055,4064,4066,0,0,0,-50,-8,-63,-1
847,4065,4055,4065,4066,0,0,0,-50,-8,-63,-1
852,4064,4055,4065,4065,-63,0,0,-50,-8,-63,-1
856,4065,4054,4065,4065,0,0,0,-50,-8,-63,-1
861,4065,4055,4064,4066,0,0,-63,-50,-8,-63,-1
866,4067,4055,4065,4066,-63,0,0,-50,-8,-63,-1
872,4065,4054,4066,4066,-63,0,0,-50,-8,-63,-1
876,4066,4054,4065,4066,-63,0,0,-50,-8,-63,-1
882,4065,4055,4065,4066,0,0,0,-50,-8,-63,-1
887,4066,4055,4065,4066,-63,0,0,-50,-8,-63,-1
892,4065,4055,4065,4066,0,0,0,-50,-8,-63,-1
897,4066,4055,4066,4065,0,-63,0,-50,-8,-63,-1
902,4065,4054,4065,4065,0,-63,0,-50,-8,-63,-1
907,4065,4055,4065,4066,0,0,0,-50,-8,-63,-1
912,4067,4055,4064,4066,-63,0,0,-50,-8,-63,-1
916,4066,4055,4065,4066,-63,0,0,-50,-8,-63,-1
922,4066,4054,4065,4066,0,0,0,-50,-8,-63,-1
927,4066,4055,4065,4066,0,0,0,-50,-8,-63,-1
932,4065,4055,4065,4065,0,-63,0,-50,-8,-63,-1
937,4066,4055,4065,4066,0,0,0,-50,-8,-63,-1
942,4066,4054,4065,4066,-63,0,0,-50,-8,-63,-1
948,4065,4055,4065,4066,0,0,0,-50,-8,-63,-1
952,4065,4055,4065,4066,0,0,0,-50,-8,-63,-1
957,4065,4055,4064,4066,0,0,0,-50,-8,-63,-1
962,4065,4055,4065,4066,0,0,0,-50,-8,-63,-1
968,4065,4054,4066,4067,0,0,0,-50,-8,-63,-1
972,4066,4054,4065,4066,0,0,0,-50,-8,-63,-1
977,4066,4055,4065,4066,0,0,0,-50,-8,-63,-1
983,4066,4055,4065,4066,0,0,0,-50,-8,-63,-1
988,4066,4055,4065,4065,0,0,0,-50,-8,-63,-1
992,4065,4055,4065,4066,0,0,0,-50,-8,-63,-1
998,4067,4055,4065,4066,-63,0,0,-50,-8,-63,-1
1003,4065,4054,4065,4066,-63,0,0,-50,-8,-63,-1
1008,4066,4055,4065,4066,-63,0,0,-50,-8,-63,-1
1013,4066,4054,4065,4066,-63,0,0,-50,-8,-63,-1
1018,4065,4054,4065,4066,0,0,0,-50,-8,-63,-1
1023,4066,4055,4065,4066,0,0,0,-50,-8,-63,-1
1028,4066,4055,4065,4066,0,0,0,-50,-8,-63,-1
1032,4065,4054,4065,4066,-63,0,0,-50,-8,-63,-1
1038,4066,4055,4066,4066,-63,0,0,-50,-8,-63,-1
1043,4066,4055,4066,4067,0,-63,0,-50,-8,-63,-1
1048,4066,4055,4065,4065,0,0,0,-50,-8,-63,-1
1052,4066,4054,4065,4066,-63,0,0,-50,-8,-63,-1
1057,4065,4054,4065,4066,0,0,0,-50,-8,-63,-1
1063,4066,4055,4065,4066,-63,0,0,-50,-8,-63,-1
1068,4066,4055,4065,4065,-63,0,0,-50,-8,-63,-1
1073,4066,4055,4066,4066,-63,0,0,-50,-8,-63,-1
1078,4066,4054,4065,4066,0,0,0,-50,-8,-63,-1
1083,4066,4055,4065,4066,0,0,0,-50,-8,-63,-1
1088,4064,4055,4065,4066,0,0,0,-50,-8,-63,-1
1092,4065,4055,4065,4066,0,0,0,-50,-8,-63,-1
1097,4065,4055,4065,4066,0,0,0,-50,-8,-63,-1
1103,4066,4054,4066,4065,0,0,0,-50,-8,-63,-1
1108,4065,4054,4065,4066,0,0,0,-50,-8,-63,-1
1112,4065,4055,4065,4066,0,0,0,-50,-8,-63,-1
1117,4065,4054,4066,4065,0,0,0,-50,-8,-63,-1
1123,4065,4055,4065,4067,0,0,0,-50,-8,-63,-1
1128,4065,4054,4065,4066,0,0,0,-50,-8,-63,-1
1132,4066,4055,4065,4066,0,0,0,-50,-8,-63,-1
1138,4066,4055,4065,4065,0,0,0,-50,-8,-63,-1
1143,4066,4055,4065,4066,-63,0,0,-50,-8,-63,-1
1148,4066,4055,4065,4066,-63,0,0,-50,-8,-63,-1
1152,4065,4055,4064,4066,0,0,0,-50,-8,-63,-1
1157,4066,4054,4065,4066,0,0,0,-50,-8,-63,-1
1163,4065,4055,4065,4066,0,0,0,-50,-8,-63,-1
1168,4066,4055,4065,4066,0,0,0,-50,-8,-63,-1
1172,4066,4055,4065,4067,-63,0,0,-50,-8,-63,-1
1178,4066,4055,4065,4066,-63,0,0,-50,-8,-63,-1
1183,4065,4054,4065,4066,-63,0,0,-50,-8,-63,-1
1188,4065,4055,4064,4066,0,0,0,-50,-8,-63,-1
1192,4066,4055,4065,4066,0,0,0,-50,-8,-63,-1
1198,4066,4055,4065,4066,0,0,0,-50,-8,-63,-1
1203,4065,4054,4065,4066,0,0,0,-50,-8,-63,-1
1208,4065,4055,4065,4066,0,0,0,-50,-8,-63,-1
1212,4065,4054,4065,4066,0,0,0,-50,-8,-63,-1
1218,4066,4055,4065,4066,0,0,0,-50,-8,-63,-1
1223,4065,4054,4065,4066,0,0,0,-50,-8,-63,-1
1228,4066,4055,4066,4066,0,0,0,-50,-8,-63,-1
1233,4066,4054,4066,4066,0,0,0,-50,-8,-63,-1
1238,4065,4055,4066,4066,0,0,0,-50,-8,-63,-1
1243,4064,4054,4066,4066,0,0,0,-50,-8,-63,-1
1248,4064,4055,4065,4066,0,0,0,-50,-8,-63,-1
1253,4066,4054,4065,4066,0,0,0,-50,-8,-63,-1
1258,4065,4054,4065,4066,0,0,0,-50,-8,-63,-1
1263,4065,4054,4065,4066,0,0,0,-50,-8,-63,-1
1268,4066,4055,4064,4066,0,0,0,-50,-8,-63,-1
1273,4065,4054,4066,4066,0,0,0,-50,-8,-63,-1
1278,4065,4055,4065,4066,0,0,0,-50,-8,-63,-1
1283,4064,4055,4065,4067,0,0,0,-50,-8,-63,-1
1288,4066,4055,4066,4066,0,0,0,-50,-8,-63,-1
1293,4066,4055,4065,4066,-63,0,0,-50,-8,-63,-1
1299,4065,4054,4065,4066,-63,0,0,-50,-8,-63,-1
1304,4065,4055,4065,4066,-63,0,0,-50,-8,-63,-1
1308,4066,4054,4066,4065,0,0,0,-50,-8,-63,-1
1314,4065,4055,4065,4066,0,0,0,-50,-8,-63,-1
1319,4066,4055,4065,4066,0,0,0,-50,-8,-63,-1
1324,4066,4055,4065,4066,0,0,0,-50,-8,-63,-1
1329,4065,4055,4065,4067,-63,0,0,-50,-8,-63,-1
1334,4065,4055,4065,4066,-63,0,0,-50,-8,-63,-1
1339,4066,4054,4066,4065,0,0,0,-50,-8,-63,-1
1344,4065,4055,4065,4066,0,0,0,-50,-8,-63,-1
1349,4065,4055,4064,4066,0,0,0,-50,-8,-63,-1
1354,4066,4055,4065,4065,0,0,0,-50,-8,-63,-1
1359,4066,4055,4065,4065,-63,0,0,-50,-8,-63,-1
1364,4065,4054,4065,4066,-63,0,0,-50,-8,-63,-1
1369,4065,4054,4065,4066,0,0,0,-50,-8,-63,-1
1374,4066,4054,4064,4066,0,0,0,-50,-8,-63,-1
1380,4066,4055,4064,4066,0,0,0,-50,-8,-63,-1
1384,4066,4054,4065,4066,-63,0,0,-50,-8,-63,-1
1389,4066,4055,4065,4066,0,0,0,-50,-8,-63,-1
1394,4066,4055,4065,4065,0,0,-63,-50,-8,-63,-1
1400,4066,4055,4065,4066,0,0,-63,-50,-8,-63,-1
1404,4065,4054,4065,4067,0,0,0,-50,-8,-63,-1
1409,4066,4054,4065,4066,0,0,0,-50,-8,-63,-1
1414,4066,4054,4066,4066,-63,0,0,-50,-8,-63,-1
1420,4065,4054,4065,4067,0,0,0,-50,-8,-63,-1
1424,4066,4055,4066,4066,0,0,0,-50,-8,-63,-1
1429,4066,4054,4066,4067,0,0,0,-50,-8,-63,-1
1434,4066,4055,4064,4066,0,0,0,-50,-8,-63,-1
1440,4066,4054,4065,4066,0,0,0,-50,-8,-63,-1
1444,4065,4055,4066,4065,0,0,-63,-50,-8,-63,-1
1449,4066,4055,4065,4065,-63,0,0,-50,-8,-63,-1
1454,4066,4055,4066,4066,-63,0,0,-50,-8,-63,-1
1460,4067,4054,4065,4066,0,0,0,-50,-8,-63,-1
1464,4065,4055,4065,4065,0,-63,0,-50,-8,-63,-1
1469,4066,4054,4065,4066,0,0,0,-50,-8,-63,-1
1475,4065,4055,4066,4066,0,0,0,-50,-8,-63,-1
1480,4065,4054,4065,4066,-63,0,0,-50,-8,-63,-1
1484,4065,4054,4065,4067,-63,0,0,-50,-8,-63,-1
1490,4065,4055,4065,4066,-63,0,0,-50,-8,-63,-1
1495,4066,4055,4065,4066,-63,0,0,-50,-8,-63,-1
1500,4064,4054,4065,4066,0,0,0,-50,-8,-63,-1
1504,4066,4055,4066,4066,0,0,0,-50,-8,-63,-1
1510,4065,4055,4066,4066,0,-63,0,-50,-8,-63,-1
1515,4066,4055,4066,4066,0,-63,0,-50,-8,-63,-1
1520,4065,4054,4065,4066,0,0,0,-50,-8,-63,-1
1524,4066,4055,4065,4065,-63,0,0,-50,-8,-63,-1
1530,4066,4055,4064,4066,0,0,0,-50,-8,-63,-1
1535,4067,4054,4064,4066,0,0,0,-50,-8,-63,-1
1540,4065,4055,4065,4067,0,0,0,-50,-8,-63,-1
1545,4065,4055,4065,4067,0,0,0,-50,-8,-63,-1
1550,4065,4055,4066,4066,0,0,0,-50,-8,-63,-1
1555,4066,4054,4065,4066,0,0,0,-50,-8,-63,-1
1559,4065,4055,4065,4067,0,0,0,-50,-8,-63,-1
1564,4064,4055,4065,4065,0,0,-63,-50,-8,-63,-1
1569,4065,4054,4066,4066,0,0,0,-50,-8,-63,-1
1574,4065,4054,4065,4067,0,0,0,-50,-8,-63,-1
1580,4066,4054,4064,4066,-63,0,0,-50,-8,-63,-1
1584,4066,4054,4065,4066,-63,0,0,-50,-8,-63,-1
1589,4066,4055,4065,4066,0,0,0,-50,-8,-63,-1
1594,4066,4055,4064,4066,0,0,0,-50,-8,-63,-1
1599,4065,4055,4065,4066,0,0,0,-50,-8,-63,-1
1604,4065,4054,4065,4065,0,0,0,-50,-8,-63,-1
1609,4066,4055,4066,4067,0,0,0,-50,-8,-63,-1
1615,4066,4055,4065,4066,0,0,0,-50,-8,-63,-1
1620,4065,4055,4064,4066,0,0,0,-50,-8,-63,-1
1625,4065,4054,4065,4066,-63,0,0,-50,-8,-63,-1
1630,4066,4055,4066,4066,0,0,0,-50,-8,-63,-1
1635,4066,4054,4064,4066,0,0,0,-50,-8,-63,-1
1640,4065,4054,4065,4066,0,0,0,-50,-8,-63,-1
1645,4066,4054,4065,4067,0,0,0,-50,-8,-63,-1
1650,4065,4054,4065,4066,0,0,0,-50,-8,-63,-1
1655,4066,4055,4065,4066,-63,0,0,-50,-8,-63,-1
1660,4066,4055,4066,4065,-63,0,0,-50,-8,-63,-1
1665,4065,4055,4065,4066,0,0,0,-50,-8,-63,-1
1671,4065,4055,4066,4066,-63,0,0,-50,-8,-63,-1
1676,4066,4054,4065,4067,0,0,0,-50,-8,-63,-1
1680,4065,4054,4064,4066,0,0,0,-50,-8,-63,-1
1685,4066,4055,4065,4066,0,0,0,-50,-8,-63,-1
1691,4066,4055,4066,4066,0,0,0,-50,-8,-63,-1
1696,4066,4054,4065,4066,0,0,0,-50,-8,-63,-1
1701,4066,4054,4065,4065,0,0,0,-50,-8,-63,-1
1706,4066,4055,4066,4066,0,0,0,-50,-8,-63,-1
1711,4066,4055,4065,4066,0,0,0,-50,-8,-63,-1
1716,4066,4055,4065,4066,0,-63,-63,-50,-8,-63,-1
1721,4065,4054,4065,4066,0,0,0,-50,-8,-63,-1
1726,4066,4055,4064,4065,0,0,0,-50,-8,-63,-1
1731,4065,4055,4066,4066,-63,0,0,-50,-8,-63,-1
1736,4066,4054,4066,4066,-63,0,-63,-50,-8,-63,-1
1741,4066,4055,4066,4067,-63,0,-63,-50,-8,-63,-1
1746,4066,4055,4064,4066,-63,0,-63,-50,-8,-63,-1
1751,4065,4055,4065,4066,-63,0,0,-50,-8,-63,-1
1756,4065,4055,4065,4067,-63,0,0,-50,-8,-63,-1
1760,4065,4054,4065,4066,0,0,0,-50,-8,-63,-1
1765,4066,4055,4065,4066,0,0,0,-50,-8,-63,-1
1770,4065,4054,4065,4067,0,0,0,-50,-8,-63,-1
1776,4065,4055,4066,4066,-63,0,0,-50,-8,-63,-1
1780,4065,4054,4064,4066,-63,0,0,-50,-8,-63,-1
1785,4066,4055,4066,4066,0,0,0,-50,-8,-63,-1
1790,4065,4054,4066,4066,0,0,0,-50,-8,-63,-1
1796,4066,4055,4065,4066,-63,0,0,-50,-8,-63,-1
1800,4065,4054,4065,4066,-63,0,0,-50,-8,-63,-1
1805,4066,4054,4065,4066,-63,0,0,-50,-8,-63,-1
1810,4065,4055,4065,4065,0,0,0,-50,-8,-63,-1
1816,4065,4055,4064,4065,0,0,0,-50,-8,-63,-1
1820,4065,4054,4066,4066,0,0,0,-50,-8,-63,-1
1825,4064,4055,4065,4066,-63,0,0,-50,-8,-63,-1
1830,4066,4055,4065,4065,-63,0,0,-50,-8,-63,-1
1836,4065,4055,4065,4066,-63,0,0,-50,-8,-63,-1
1841,4066,4054,4065,4066,-63,0,0,-50,-8,-63,-1
1846,4066,4054,4065,4065,0,0,0,-50,-8,-63,-1
1851,4065,4055,4065,4066,0,0,0,-50,-8,-63,-1
1856,4065,4055,4065,4066,0,0,0,-50,-8,-63,-1
1861,4066,4054,4065,4066,0,0,0,-50,-8,-63,-1
1866,4066,4055,4065,4066,0,0,0,-50,-8,-63,-1
1871,4066,4054,4065,4065,0,0,0,-50,-8,-63,-1
1876,4066,4054,4066,4065,0,0,0,-50,-8,-63,-1
1880,4066,4055,4065,4066,0,0,0,-50,-8,-63,-1
1885,4066,4055,4065,4066,0,0,0,-50,-8,-63,-1
1890,4066,4055,4066,4066,0,0,-63,-50,-8,-63,-1
1895,4066,4055,4065,4066,0,0,0,-50,-8,-63,-1
1900,4067,4055,4064,4066,0,0,0,-50,-8,-63,-1
1905,4065,4055,4065,4066,-63,0,0,-50,-8,-63,-1
1911,4067,4055,4065,4066,-63,0,0,-50,-8,-63,-1
1916,4066,4055,4065,4066,-63,0,0,-50,-8,-63,-1
1921,4065,4055,4065,4066,0,0,0,-50,-8,-63,-1
1926,4065,4055,4064,4067,0,0,0,-50,-8,-63,-1
1931,4065,4054,4066,4066,-63,0,0,-50,-8,-63,-1
1936,4065,4055,4066,4066,0,0,0,-50,-8,-63,-1
1941,4065,4055,4065,4066,0,0,0,-50,-8,-63,-1
1946,4065,4055,4065,4066,0,0,0,-50,-8,-63,-1
1951,4065,4054,4066,4065,0,-63,0,-50,-8,-63,-1
1956,4067,4054,4066,4067,0,0,0,-50,-8,-63,-1
1961,4066,4054,4066,4065,-63,0,0,-50,-8,-63,-1
1966,4065,4055,4064,4066,-63,0,0,-50,-8,-63,-1
1972,4066,4055,4064,4065,-63,0,0,-50,-8,-63,-1
1976,4066,4054,4066,4067,0,0,-63,-50,-8,-63,-1
1981,4066,4055,4065,4066,0,0,-63,-50,-8,-63,-1
1986,4066,4055,4065,4066,-63,0,-63,-50,-8,-63,-1
1992,4066,4055,4065,4066,-63,0,-63,-50,-8,-63,-1
1996,4067,4055,4065,4066,-63,0,0,-50,-8,-63,-1
2001,4067,4054,4064,4066,-63,0,-63,-50,-8,-63,-1
2006,4066,4055,4065,4066,0,0,0,-50,-8,-63,-1
2011,4067,4055,4065,4066,0,0,0,-50,-8,-63,-1
2016,4066,4054,4064,4066,0,0,0,-50,-8,-63,-1
2021,4066,4055,4064,4066,0,0,0,-50,-8,-63,-1
2027,4066,4055,4065,4066,0,0,0,-50,-8,-63,-1
2032,4065,4055,4065,4065,0,0,0,-50,-8,-63,-1
2036,4066,4055,4066,4066,0,-63,0,-50,-8,-63,-1
2042,4065,4055,4065,4066,0,0,0,-50,-8,-63,-1
2047,4066,4054,4065,4066,0,-63,0,-50,-8,-63,-1
2052,4065,4054,4066,4066,0,-63,0,-50,-8,-63,-1
2057,4065,4055,4066,4066,0,0,0,-50,-8,-63,-1
2062,4066,4055,4064,4066,0,0,0,-50,-8,-63,-1
2067,4066,4055,4065,4066,0,-63,0,-49,-8,-63,-1
2072,4067,4055,4065,4066,0,-63,0,-50,-8,-63,-1
2077,4066,4054,4064,4066,0,-63,0,-50,-8,-63,-1
2082,4065,4055,4065,4066,0,-63,0,-50,-8,-63,-1
2087,4066,4054,4065,4066,0,0,0,-50,-8,-63,-1
2092,4065,4055,4065,4067,-63,0,0,-50,-8,-63,-1
2096,4066,4055,4065,4067,-63,0,0,-50,-8,-63,-1
2102,4065,4055,4065,4066,-63,0,-63,-50,-8,-63,-1
2107,4067,4054,4065,4066,0,0,-63,-50,-8,-63,-1
2112,4066,4054,4065,4066,-63,0,0,-50,-8,-63,-1
2116,4065,4055,4064,4066,-63,0,0,-50,-8,-63,-1
2122,4065,4054,4065,4067,-63,0,0,-50,-8,-63,-1
2127,4066,4055,4066,4066,-63,0,0,-50,-8,-63,-1
2132,4065,4055,4066,4066,0,0,0,-50,-8,-63,-1
2137,4066,4055,4065,4065,0,0,0,-50,-8,-63,-1
2142,4066,4054,4065,4066,0,0,0,-50,-8,-63,-1
2147,4066,4054,4065,4066,0,0,0,-50,-8,-63,-1
2152,4066,4054,4065,4066,0,0,0,-50,-8,-63,-1
2156,4065,4054,4065,4066,0,0,0,-50,-8,-63,-1
2161,4066,4055,4065,4065,0,0,0,-50,-8,-63,-1
2166,4067,4055,4065,4066,0,0,0,-50,-8,-63,-1
2172,4066,4054,4065,4066,0,0,0,-50,-8,-63,-1
2176,4066,4054,4065,4067,0,0,0,-50,-8,-63,-1
2181,4065,4055,4066,4066,-63,0,0,-50,-8,-63,-1
2186,4065,4054,4065,4066,-63,0,0,-50,-8,-63,-1
2191,4065,4054,4065,4066,-63,0,-63,-50,-8,-63,-1
2196,4066,4054,4066,4067,0,0,-63,-50,-8,-63,-1
2202,4066,4055,4064,4066,0,0,0,-50,-8,-63,-1
2207,4066,4054,4065,4066,-63,0,-63,-50,-8,-63,-1
2212,4066,4055,4066,4066,-63,0,0,-50,-8,-63,-1
2217,4066,4055,4065,4066,0,0,0,-50,-8,-63,-1
2222,4066,4055,4064,4066,0,0,0,-50,-8,-63,-1
2227,4066,4054,4066,4066,0,-63,0,-50,-8,-63,-1
2232,4065,4055,4065,4067,0,0,0,-50,-8,-63,-1
2236,4066,4055,4066,4067,0,0,0,-50,-8,-63,-1
2242,4066,4054,4065,4066,0,0,0,-50,-8,-63,-1
2247,4066,4055,4065,4066,0,0,0,-50,-8,-63,-1
2252,4066,4054,4065,4065,0,0,0,-50,-8,-63,-1
2256,4065,4055,4065,4066,0,0,0,-50,-8,-63,-1
2261,4066,4054,4065,4066,0,0,0,-50,-8,-63,-1
2267,4065,4055,4065,4065,0,0,0,-50,-8,-63,-1
2272,4065,4054,4066,4065,-63,0,0,-50,-8,-63,-1
2276,4066,4054,4066,4067,-63,0,0,-50,-8,-63,-1
2282,4066,4055,4065,4067,-63,0,-63,-50,-8,-63,-1
2287,4065,4055,4065,4066,0,0,0,-50,-8,-63,-1
2292,4066,4055,4066,4066,-63,0,0,-50,-8,-63,-1
2297,4066,4054,4065,4066,-63,0,0,-50,-8,-63,-1
2302,4065,4054,4065,4067,0,0,0,-50,-8,-63,-1
2307,4065,4055,4064,4066,0,0,0,-50,-8,-63,-1
2312,4065,4054,4065,4065,0,0,0,-50,-8,-63,-1
2317,4066,4055,4065,4065,0,0,0,-50,-8,-63,-1
2322,4065,4054,4065,4067,0,0,0,-50,-8,-63,-1
2327,4067,4054,4065,4065,0,0,0,-50,-8,-63,-1
2332,4066,4054,4066,4067,0,0,0,-50,-8,-63,-1
2336,4065,4055,4065,4065,0,0,0,-50,-8,-63,-1
2342,4065,4055,4065,4066,0,0,0,-50,-8,-63,-1
2347,4066,4055,4065,4066,0,0,0,-50,-8,-63,-1
2352,4066,4054,4065,4066,0,0,0,-50,-8,-63,-1
2357,4065,4054,4065,4066,0,0,0,-50,-8,-63,-1
2362,4066,4054,4066,4066,0,0,0,-50,-8,-63,-1
2367,4066,4054,4066,4066,0,0,0,-50,-8,-63,-1
2372,4066,4054,4064,4066,-63,0,0,-50,-8,-63,-1
2377,4064,4055,4065,4066,-63,0,0,-50,-8,-63,-1
2382,4065,4055,4065,4066,0,0,0,-50,-8,-63,-1
2387,4066,4055,4066,4067,0,0,-63,-50,-8,-63,-1
2392,4066,4055,4066,4066,0,0,0,-50,-8,-63,-1
2397,4065,4055,4064,4066,0,0,0,-50,-8,-63,-1
2402,4066,4055,4065,4066,-63,0,0,-50,-8,-63,-1
2407,4065,4054,4065,4066,-63,0,0,-50,-8,-63,-1
2412,4066,4054,4065,4066,0,0,0,-50,-8,-63,-1
2416,4066,4055,4066,4067,0,0,0,-50,-8,-63,-1
2421,4065,4055,4066,4066,0,0,0,-50,-8,-63,-1
2427,4066,4055,4065,4066,0,0,0,-50,-8,-63,-1
2432,4066,4054,4065,4066,0,0,0,-50,-8,-63,-1
2437,4065,4055,4065,4066,-63,0,0,-50,-8,-63,-1
2442,4066,4054,4065,4066,0,0,0,-50,-8,-63,-1
2448,4068,4055,4066,4066,0,0,0,-50,-8,-63,-1
2452,4067,4055,4064,4066,0,0,0,-50,-8,-63,-1
2457,4066,4055,4065,4066,0,0,0,-50,-8,-63,-1
2463,4065,4055,4065,4066,0,0,0,-50,-8,-63,-1
2468,4066,4055,4065,4065,0,0,0,-50,-8,-63,-1
2472,4065,4055,4065,4066,0,0,0,-50,-8,-63,-1
2478,4065,4055,4065,4066,0,0,0,-50,-8,-63,-1
2483,4066,4055,4066,4065,0,0,0,-50,-8,-63,-1
2488,4067,4055,4065,4067,0,0,0,-50,-8,-63,-1
2492,4066,4054,4065,4066,0,0,0,-50,-8,-63,-1
2498,4065,4055,4065,4066,0,0,0,-50,-8,-63,-1
2503,4067,4055,4065,4066,0,0,0,-50,-8,-63,-1
2508,4066,4055,4065,4066,-63,0,0,-50,-8,-63,-1
2512,4066,4055,4065,4066,-63,0,0,-50,-8,-63,-1
2517,4065,4055,4065,4066,0,0,0,-50,-8,-63,-1
2523,4065,4055,4065,4066,0,0,0,-50,-8,-63,-1
2528,4066,4055,4065,4066,0,0,0,-50,-8,-63,-1
2533,4065,4054,4065,4066,-63,0,0,-50,-8,-63,-1
2538,4066,4055,4066,4067,-63,0,0,-50,-8,-63,-1
2543,4065,4054,4065,4065,-63,0,0,-50,-8,-63,-1
2548,4067,4055,4066,4066,0,0,0,-50,-8,-63,-1
2553,4065,4055,4065,4066,0,0,0,-50,-8,-63,-1
2558,4066,4054,4065,4066,0,0,0,-50,-8,-63,-1
2563,4066,4055,4065,4066,0,0,0,-50,-8,-63,-1
2568,4066,4055,4066,4065,0,0,0,-50,-8,-63,-1
2573,4065,4055,4065,4066,0,0,0,-50,-8,-63,-1
2578,4065,4055,4065,4066,-63,0,0,-50,-8,-63,-1
2583,4066,4055,4065,4065,0,0,0,-50,-8,-63,-1
2588,4066,4055,4065,4066,0,0,0,-50,-8,-63,-1
2594,4066,4055,4066,4066,0,0,0,-50,-8,-63,-1
2599,4066,4054,4065,4065,0,0,0,-50,-8,-63,-1
2604,4066,4055,4065,4066,0,0,0,-50,-8,-63,-1
2609,4066,4054,4065,4066,0,0,0,-50,-8,-63,-1
2614,4066,4055,4065,4066,0,0,0,-50,-8,-63,-1
2619,4066,4055,4065,4066,0,0,0,-50,-8,-63,-1
2624,4066,4054,4065,4066,0,0,0,-50,-8,-63,-1
2629,4066,4054,4065,4066,0,0,0,-50,-8,-63,-1
2634,4066,4055,4065,4066,0,0,0,-50,-8,-63,-1
2639,4065,4054,4066,4066,0,0,0,-50,-8,-63,-1
2644,4066,4055,4065,4065,0,0,0,-50,-8,-63,-1
2649,4066,4054,4066,4067,0,0,0,-50,-8,-63,-1
2654,4066,4055,4065,4066,0,0,0,-50,-8,-63,-1
2659,4067,4055,4065,4066,0,0,0,-50,-8,-63,-1
2664,4065,4055,4065,4066,0,0,0,-50,-8,-63,-1
2669,4065,4055,4065,4066,0,0,0,-50,-8,-63,-1
2674,4065,4054,4065,4066,-63,0,0,-50,-8,-63,-1
2679,4066,4055,4064,4066,0,0,0,-50,-8,-63,-1
2684,4066,4055,4065,4066,0,0,0,-50,-8,-63,-1
2689,4066,4055,4065,4065,0,0,0,-50,-8,-63,-1
2694,4065,4054,4066,4066,0,0,0,-50,-8,-63,-1
2699,4066,4055,4065,4066,0,0,0,-50,-8,-63,-1
2704,4066,4054,4064,4066,0,0,0,-50,-8,-63,-1
2709,4066,4055,4065,4066,0,0,0,-50,-8,-63,-1
2714,4065,4054,4065,4066,0,0,0,-50,-8,-63,-1
2719,4066,4055,4066,4066,0,0,0,-50,-8,-63,-1
2724,4065,4055,4065,4066,0,0,0,-50,-8,-63,-1
2729,4065,4054,4065,4066,0,0,0,-50,-8,-63,-1
2734,4066,4055,4065,4066,0,0,0,-50,-8,-63,-1
2739,4066,4055,4065,4065,0,0,0,-50,-8,-63,-1
2744,4067,4055,4066,4066,0,0,0,-50,-8,-63,-1
2749,4066,4054,4065,4066,0,0,0,-50,-8,-63,-1
2754,4065,4054,4065,4066,0,0,0,-50,-8,-63,-1
2759,4065,4055,4065,4066,0,0,0,-50,-8,-63,-1
2764,4065,4055,4065,4066,0,0,0,-50,-8,-63,-1
2769,4065,4055,4064,4066,0,0,0,-50,-8,-63,-1
2774,4066,4054,4066,4066,0,0,0,-50,-8,-63,-1
2780,4066,4054,4065,4066,0,0,0,-50,-8,-63,-1
2784,4066,4055,4065,4066,-63,0,0,-50,-8,-63,-1
2789,4066,4054,4066,4067,0,0,0,-50,-8,-63,-1
2794,4066,4054,4065,4066,0,0,0,-50,-8,-63,-1
2800,4066,4055,4065,4066,0,0,0,-50,-8,-63,-1
2804,4065,4055,4065,4066,0,0,0,-50,-8,-63,-1
2809,4065,4055,4065,4066,0,0,0,-50,-8,-63,-1
2815,4066,4054,4065,4065,-63,0,0,-50,-8,-63,-1
2820,4065,4054,4065,4066,-63,0,0,-50,-8,-63,-1
2825,4066,4055,4065,4066,0,0,0,-50,-8,-63,-1
2830,4065,4055,4065,4066,0,0,0,-50,-8,-63,-1
2835,4065,4055,4065,4066,0,0,0,-50,-8,-63,-1
2840,4066,4054,4065,4066,0,0,0,-50,-8,-63,-1
2845,4066,4055,4065,4066,-63,0,0,-50,-8,-63,-1
2850,4067,4054,4065,4066,-63,0,0,-50,-8,-63,-1
2855,4065,4055,4065,4066,-63,0,0,-50,-8,-63,-1
2860,4066,4054,4065,4066,0,0,0,-50,-8,-63,-1
2864,4065,4055,4065,4066,0,0,0,-50,-8,-63,-1
2869,4066,4054,4065,4066,0,0,0,-50,-8,-63,-1
2875,4066,4055,4065,4066,0,0,0,-50,-8,-63,-1
2880,4066,4055,4066,4066,-63,0,0,-50,-8,-63,-1
2885,4065,4055,4065,4066,-63,0,0,-50,-8,-63,-1
2890,4066,4054,4066,4066,0,0,0,-50,-8,-63,-1
2895,4065,4055,4065,4066,0,0,0,-50,-8,-63,-1
2900,4065,4055,4065,4066,0,0,0,-50,-8,-63,-1
2904,4065,4055,4065,4067,0,0,0,-50,-8,-63,-1
2909,4065,4054,4065,4067,-63,0,0,-50,-8,-63,-1
2915,4065,4055,4065,4065,-63,0,0,-50,-8,-63,-1
2920,4066,4055,4065,4066,0,0,0,-50,-8,-63,-1
2924,4065,4054,4066,4066,0,0,0,-50,-8,-63,-1
2929,4067,4055,4065,4066,0,0,0,-50,-8,-63,-1
2934,4065,4055,4065,4066,0,0,0,-50,-8,-63,-1
2940,4066,4054,4065,4067,0,0,0,-50,-8,-63,-1
2945,4067,4055,4065,4065,-63,0,0,-50,-8,-63,-1
2950,4066,4055,4066,4065,-63,0,0,-50,-8,-63,-1
2955,4065,4055,4065,4067,0,0,0,-50,-8,-63,-1
2960,4066,4054,4064,4066,0,0,0,-50,-8,-63,-1
2965,4065,4055,4066,4066,0,0,0,-50,-8,-63,-1
2970,4066,4055,4065,4066,0,0,0,-50,-8,-63,-1
2975,4065,4055,4065,4066,0,0,0,-50,-8,-63,-1
2980,4065,4054,4065,4066,-63,0,0,-50,-8,-63,-1
2985,4066,4055,4065,4067,0,0,0,-50,-8,-63,-1
2990,4065,4054,4065,4066,0,0,0,-50,-8,-63,-1
2995,4065,4054,4065,4066,0,0,0,-50,-8,-63,-1
3000,4066,4054,4064,4066,0,0,0,-50,-8,-63,-1
3005,4066,4055,4065,4067,0,0,0,-50,-8,-63,-1
3010,4065,4055,4065,4066,-63,0,0,-50,-8,-63,-1
3015,4066,4055,4066,4066,-63,0,0,-50,-8,-63,-1
3020,4066,4055,4065,4067,-63,0,0,-50,-8,-63,-1
3024,4067,4055,4065,4066,0,0,0,-50,-8,-63,-1
3029,4066,4055,4065,4066,0,0,0,-50,-8,-63,-1
3034,4065,4055,4065,4066,0,0,0,-50,-8,-63,-1
3040,4066,4055,4065,4065,0,0,0,-50,-8,-63,-1
3045,4066,4055,4065,4066,0,0,0,-50,-8,-63,-1
3050,4065,4055,4065,4066,0,0,0,-50,-8,-63,-1
3055,4066,4055,4065,4065,0,0,0,-50,-8,-63,-1
3060,4065,4054,4066,4066,0,0,0,-50,-8,-63,-1
3065,4065,4054,4065,4067,0,0,0,-50,-8,-63,-1
3070,4065,4055,4065,4066,0,0,0,-50,-8,-63,-1
3075,4066,4054,4066,4066,0,0,0,-50,-8,-63,-1
3080,4066,4055,4065,4066,0,0,0,-50,-8,-63,-1
3085,4066,4055,4065,4066,0,0,0,-50,-8,-63,-1
3090,4066,4055,4065,4066,0,0,0,-50,-8,-63,-1
3095,4066,4054,4065,4066,0,0,0,-50,-8,-63,-1
3100,4065,4055,4066,4066,0,0,0,-50,-8,-63,-1
3105,4066,4054,4065,4066,0,0,0,-50,-8,-63,-1
3110,4066,4055,4065,4066,0,0,0,-50,-8,-63,-1
3115,4066,4055,4066,4066,-63,0,0,-50,-8,-63,-1
3120,4066,4054,4065,4067,-63,0,0,-50,-8,-63,-1
3124,4066,4055,4065,4067,-63,0,0,-50,-8,-63,-1
3129,4064,4055,4065,4066,-63,0,0,-50,-8,-63,-1
3134,4065,4055,4065,4066,0,0,0,-50,-8,-63,-1
3140,4066,4055,4065,4065,0,0,0,-50,-8,-63,-1
3145,4065,4055,4065,4065,0,0,0,-50,-8,-63,-1
3150,4066,4054,4065,4066,0,0,0,-50,-8,-63,-1
3155,4066,4054,4065,4065,0,0,0,-50,-8,-63,-1
3160,4065,4054,4065,4065,0,0,0,-50,-8,-63,-1
3164,4066,4054,4065,4067,0,0,0,-50,-8,-63,-1
3169,4066,4055,4066,4067,0,0,0,-50,-8,-63,-1
3175,4066,4054,4064,4066,0,0,0,-50,-8,-63,-1
3180,4066,4055,4065,4066,0,0,0,-50,-8,-63,-1
3185,4066,4054,4064,4066,0,0,0,-50,-8,-63,-1
3190,4067,4055,4065,4066,0,0,0,-50,-8,-63,-1
3195,4066,4054,4065,4065,0,0,0,-50,-8,-63,-1
3200,4066,4055,4065,4067,0,0,0,-50,-8,-63,-1
3204,4065,4055,4065,4066,0,0,0,-50,-8,-63,-1
3209,4066,4055,4066,4066,0,0,0,-50,-8,-63,-1
3214,4066,4055,4065,4065,0,0,0,-50,-8,-63,-1
3220,4066,4054,4066,4066,0,0,0,-50,-8,-63,-1
3225,4067,4055,4065,4065,0,0,0,-50,-8,-63,-1
3230,4065,4055,4064,4065,0,0,0,-50,-8,-63,-1
3235,4066,4055,4065,4066,0,0,0,-50,-8,-63,-1
3240,4066,4055,4065,4066,0,0,0,-50,-8,-63,-1
3244,4065,4055,4065,4066,0,0,0,-50,-8,-63,-1
3249,4065,4054,4065,4066,0,0,0,-50,-8,-63,-1
3254,4065,4055,4065,4066,0,0,0,-50,-8,-63,-1
3260,4066,4054,4065,4066,0,0,0,-50,-8,-63,-1
3264,4066,4055,4065,4066,0,0,0,-50,-8,-63,-1
3269,4066,4055,4065,4066,0,0,0,-50,-8,-63,-1
3274,4065,4055,4064,4065,0,0,0,-50,-8,-63,-1
3280,4066,4055,4065,4065,0,0,0,-50,-8,-63,-1
3284,4065,4055,4066,4066,0,0,0,-50,-8,-63,-1
3289,4066,4055,4065,4066,0,0,0,-50,-8,-63,-1
3294,4065,4055,4065,4066,0,0,0,-50,-8,-63,-1
3300,4065,4054,4065,4066,-63,0,0,-50,-8,-63,-1
3304,4066,4054,4065,4066,0,0,0,-50,-8,-63,-1
3309,4067,4055,4065,4066,0,0,0,-50,-8,-63,-1
3315,4066,4055,4066,4066,0,0,0,-50,-8,-63,-1
3320,4066,4055,4065,4066,0,0,0,-50,-8,-63,-1
3324,4065,4054,4065,4066,-63,0,0,-50,-8,-63,-1
3330,4066,4055,4065,4067,-63,0,0,-50,-8,-63,-1
3335,4066,4055,4065,4066,0,0,0,-50,-8,-63,-1
3340,4066,4055,4065,4066,0,0,0,-50,-8,-63,-1
3345,4065,4055,4065,4066,0,0,0,-50,-8,-63,-1
3350,4066,4054,4065,4066,0,0,0,-50,-8,-63,-1
3355,4066,4054,4065,4066,-63,0,0,-50,-8,-63,-1
3360,4066,4054,4065,4067,-63,0,0,-50,-8,-63,-1
3364,4065,4054,4065,4066,-63,0,0,-50,-8,-63,-1
3369,4066,4054,4065,4066,0,0,0,-50,-8,-63,-1
3374,4066,4054,4065,4066,0,0,0,-50,-8,-63,-1
3380,4066,4054,4065,4066,0,0,0,-50,-8,-63,-1
3384,4065,4054,4066,4067,0,0,0,-50,-8,-63,-1
3389,4066,4054,4064,4066,-63,0,0,-50,-8,-63,-1
3394,4066,4055,4065,4066,-63,0,0,-50,-8,-63,-1
3400,4067,4055,4066,4065,0,0,0,-50,-8,-63,-1
3404,4066,4055,4066,4067,0,0,0,-50,-8,-63,-1
3409,4066,4054,4065,4066,0,-63,0,-50,-8,-63,-1
3414,4065,4054,4066,4066,0,0,0,-50,-8,-63,-1
3420,4065,4055,4066,4066,-63,0,0,-50,-8,-63,-1
3424,4065,4054,4065,4066,-63,0,0,-50,-8,-63,-1
3429,4066,4055,4065,4067,-63,0,0,-50,-8,-63,-1
3434,4067,4055,4065,4066,0,0,0,-50,-8,-63,-1
3440,4066,4054,4065,4066,0,0,0,-50,-8,-63,-1
3445,4066,4055,4066,4066,0,0,0,-50,-8,-63,-1
3450,4066,4054,4065,4066,-63,0,0,-50,-8,-63,-1
3455,4065,4055,4064,4066,-63,0,0,-50,-8,-63,-1
3460,4066,4055,4065,4067,-63,0,0,-50,-8,-63,-1
3465,4066,4055,4066,4066,0,0,0,-50,-8,-63,-1
3470,4065,4055,4065,4067,0,0,0,-50,-8,-63,-1
3475,4066,4054,4065,4066,0,0,0,-50,-8,-63,-1
3480,4066,4055,4065,4066,0,0,0,-50,-8,-63,-1
3484,4065,4054,4065,4066,-63,0,0,-50,-8,-63,-1
3489,4065,4055,4065,4066,-63,0,0,-50,-8,-63,-1
3495,4065,4055,4065,4065,0,0,0,-50,-8,-63,-1
3500,4067,4054,4065,4066,0,0,0,-50,-8,-63,-1
3504,4067,4055,4065,4066,0,0,0,-50,-8,-63,-1
3509,4066,4055,4065,4066,0,0,0,-50,-8,-63,-1
3514,4065,4055,4065,4066,0,0,0,-50,-8,-63,-1
3520,4066,4055,4065,4066,-63,0,0,-50,-8,-63,-1
3524,4066,4055,4064,4066,-63,0,0,-50,-8,-63,-1
3529,4066,4055,4065,4066,0,0,0,-50,-8,-63,-1
3534,4066,4055,4065,4066,0,0,0,-50,-8,-63,-1
3540,4066,4054,4065,4065,0,0,0,-50,-8,-63,-1
3545,4066,4054,4064,4066,0,0,0,-50,-8,-63,-1
3550,4066,4054,4065,4065,-63,0,0,-50,-8,-63,-1
3555,4065,4055,4065,4065,-63,0,0,-50,-8,-63,-1
3560,4065,4055,4065,4066,0,0,0,-50,-8,-63,-1
3565,4066,4055,4065,4066,0,0,0,-50,-8,-63,-1
3570,4065,4055,4065,4066,0,0,0,-50,-8,-63,-1
3575,4065,4054,4065,4065,0,0,0,-50,-8,-63,-1
3580,4066,4054,4065,4066,-63,0,0,-50,-8,-63,-1
3585,4065,4054,4065,4066,-63,0,0,-50,-8,-63,-1
3590,4066,4054,4064,4066,0,0,0,-50,-8,-63,-1
3595,4067,4055,4065,4066,0,0,0,-50,-8,-63,-1
3600,4065,4055,4065,4066,0,0,0,-50,-8,-63,-1
3604,4066,4055,4066,4065,0,0,0,-50,-8,-63,-1
3609,4066,4054,4065,4066,0,0,0,-50,-8,-63,-1
3614,4066,4054,4065,4066,0,0,0,-50,-8,-63,-1
3620,4066,4055,4065,4067,0,0,0,-50,-8,-63,-1
3624,4065,4054,4065,4067,0,0,0,-50,-8,-63,-1
3629,4066,4055,4065,4066,0,0,0,-50,-8,-63,-1
3635,4066,4055,4066,4066,0,0,0,-50,-8,-63,-1
3640,4066,4054,4065,4066,0,0,0,-50,-8,-63,-1
3645,4066,4055,4064,4066,-63,0,0,-50,-8,-63,-1
3651,4065,4055,4065,4066,-63,0,0,-50,-8,-63,-1
3656,4066,4055,4066,4065,-63,0,0,-50,-8,-63,-1
3660,4066,4054,4066,4065,0,0,0,-50,-8,-63,-1
3665,4066,4055,4065,4066,0,0,0,-50,-8,-63,-1
3670,4066,4055,4065,4066,0,0,-63,-50,-8,-63,-1
3676,4066,4054,4064,4066,0,0,0,-50,-8,-63,-1
3680,4067,4055,4065,4066,-63,0,0,-50,-8,-63,-1
3685,4065,4055,4065,4066,-63,0,0,-50,-8,-63,-1
3691,4065,4055,4065,4066,0,0,0,-50,-8,-63,-1
3696,4066,4054,4065,4066,0,0,0,-50,-8,-63,-1
3700,4065,4054,4065,4066,0,0,0,-50,-8,-63,-1
3705,4067,4055,4065,4066,0,0,0,-50,-8,-63,-1
3710,4065,4054,4065,4066,0,0,0,-50,-8,-63,-1
3716,4066,4055,4065,4067,0,0,0,-50,-8,-63,-1
3720,4066,4054,4064,4066,0,0,0,-50,-8,-63,-1
3726,4066,4054,4065,4066,0,0,0,-50,-8,-63,-1
3731,4066,4055,4064,4066,0,0,0,-50,-8,-63,-1
3736,4066,4054,4064,4066,0,0,0,-50,-8,-63,-1
3741,4066,4055,4065,4067,0,0,0,-50,-8,-63,-1
3746,4065,4055,4065,4066,0,0,0,-50,-8,-63,-1
3751,4065,4055,4065,4066,0,0,0,-50,-8,-63,-1
3756,4066,4055,4065,4066,0,0,0,-50,-8,-63,-1
3760,4066,4054,4066,4066,0,0,0,-50,-8,-63,-1
3766,4066,4054,4065,4065,-63,0,0,-50,-8,-63,-1
3771,4065,4055,4065,4066,0,0,0,-50,-8,-63,-1
3776,4065,4054,4065,4066,0,0,0,-50,-8,-63,-1
3781,4066,4055,4066,4067,0,0,0,-50,-8,-63,-1
3786,4066,4055,4065,4066,0,0,0,-50,-8,-63,-1
3791,4066,4055,4066,4066,0,0,0,-50,-8,-63,-1
3796,4066,4055,4066,4066,-63,0,0,-50,-8,-63,-1
3800,4065,4055,4065,4065,-63,0,0,-50,-8,-63,-1
3805,4066,4055,4065,4066,0,0,0,-50,-8,-63,-1
3810,4066,4055,4066,4066,0,0,0,-50,-8,-63,-1
3816,4066,4054,4065,4065,0,0,0,-50,-8,-63,-1
3820,4065,4055,4065,4066,0,0,0,-50,-8,-63,-1
3825,4065,4054,4065,4066,0,0,0,-50,-8,-63,-1
3830,4066,4055,4066,4066,-63,0,0,-50,-8,-63,-1
3835,4066,4055,4065,4066,0,0,0,-50,-8,-63,-1
3840,4065,4055,4065,4066,0,0,0,-50,-8,-63,-1
3846,4065,4054,4066,4067,0,0,0,-50,-8,-63,-1
3851,4066,4054,4065,4066,0,0,0,-50,-8,-63,-1
3856,4066,4055,4065,4066,0,0,0,-50,-8,-63,-1
3860,4066,4055,4065,4066,0,0,0,-50,-8,-63,-1
3865,4066,4055,4066,4066,0,0,0,-50,-8,-63,-1
3870,4065,4055,4065,4066,0,0,0,-50,-8,-63,-1
3876,4065,4054,4064,4066,0,0,0,-50,-8,-63,-1
3880,4065,4054,4065,4065,0,0,0,-50,-8,-63,-1
3885,4066,4055,4065,4067,0,0,0,-50,-8,-63,-1
3891,4065,4055,4064,4065,0,0,0,-50,-8,-63,-1
3896,4066,4055,4065,4066,0,0,0,-50,-8,-63,-1
3901,4066,4055,4065,4066,-63,0,0,-50,-8,-63,-1
3906,4065,4055,4066,4066,0,0,0,-50,-8,-63,-1
3911,4065,4054,4066,4067,0,0,0,-50,-8,-63,-1
3916,4066,4054,4065,4066,0,0,0,-50,-8,-63,-1
3920,4066,4055,4066,4066,0,0,0,-50,-8,-63,-1
3926,4065,4054,4066,4066,-63,0,0,-50,-8,-63,-1
3931,4066,4055,4065,4065,-63,0,0,-50,-8,-63,-1
3936,4065,4055,4064,4066,0,0,0,-50,-8,-63,-1
3941,4065,4054,4064,4066,0,0,0,-50,-8,-63,-1
3946,4067,4054,4065,4067,0,0,0,-50,-8,-63,-1
3951,4066,4055,4065,4067,0,0,0,-50,-8,-63,-1
3956,4066,4055,4065,4065,0,0,0,-50,-8,-63,-1
3961,4066,4055,4065,4066,0,0,0,-50,-8,-63,-1
3966,4066,4054,4065,4066,0,0,0,-50,-8,-63,-1
3971,4067,4054,4066,4066,0,0,0,-50,-8,-63,-1
3976,4066,4054,4065,4066,0,0,0,-50,-8,-63,-1
3980,4066,4055,4065,4067,0,0,0,-50,-8,-63,-1
3985,4066,4055,4065,4066,0,0,0,-50,-8,-63,-1
3990,4066,4055,4065,4066,0,0,0,-50,-8,-63,-1
3996,4065,4054,4065,4066,-63,0,0,-50,-8,-63,-1
4000,4066,4054,4064,4066,-63,0,0,-50,-8,-63,-1
4005,4066,4054,4065,4067,-63,0,0,-50,-8,-63,-1
4010,4066,4054,4064,4066,0,0,0,-50,-8,-63,-1
4016,4066,4055,4065,4067,0,0,0,-50,-8,-63,-1
4020,4066,4055,4065,4066,0,0,0,-50,-8,-63,-1
4025,4066,4055,4065,4067,0,0,0,-50,-8,-63,-1
4030,4065,4054,4065,4066,-63,0,0,-50,-8,-63,-1
4036,4066,4054,4065,4066,-63,0,0,-50,-8,-63,-1
4040,4065,4054,4065,4066,0,0,0,-50,-8,-63,-1
4046,4065,4055,4066,4066,0,0,0,-50,-8,-63,-1
4051,4065,4054,4065,4067,0,0,0,-50,-8,-63,-1
4056,4066,4055,4065,4066,0,0,0,-50,-8,-63,-1
4060,4065,4054,4065,4066,-63,0,0,-50,-8,-63,-1
4066,4066,4055,4065,4066,-63,0,0,-50,-8,-63,-1
4071,4066,4055,4064,4066,0,0,0,-50,-8,-63,-1
4076,4065,4055,4065,4066,0,0,0,-50,-8,-63,-1
4080,4065,4055,4064,4066,0,0,0,-50,-8,-63,-1
4086,4065,4055,4066,4066,0,0,0,-50,-8,-63,-1
4091,4066,4055,4065,4066,-63,0,0,-50,-8,-63,-1
4096,4066,4055,4065,4066,-63,0,0,-50,-8,-63,-1
4101,4064,4055,4065,4067,0,0,0,-50,-8,-63,-1
4106,4065,4055,4065,4067,0,0,0,-50,-8,-63,-1
4111,4066,4054,4065,4066,0,0,0,-50,-8,-63,-1
4116,4066,4054,4066,4066,0,0,0,-50,-8,-63,-1
4121,4066,4054,4065,4065,0,0,0,-50,-8,-63,-1
4126,4066,4055,4065,4066,-63,0,0,-50,-8,-63,-1
4131,4066,4054,4065,4066,0,0,0,-50,-8,-63,-1
4136,4066,4055,4065,4066,0,0,0,-50,-8,-63,-1
4140,4065,4054,4065,4066,0,0,0,-50,-8,-63,-1
4146,4067,4055,4064,4066,0,0,0,-50,-8,-63,-1
4151,4067,4055,4066,4065,-63,0,0,-50,-8,-63,-1
4156,4065,4054,4065,4066,0,0,0,-50,-8,-63,-1
4160,4066,4054,4066,4065,0,0,0,-50,-8,-63,-1
4165,4065,4054,4065,4066,0,0,0,-50,-8,-63,-1
4170,4066,4055,4065,4066,0,0,0,-50,-8,-63,-1
4176,4066,4055,4066,4065,0,0,0,-50,-8,-63,-1
4180,4067,4054,4065,4067,-63,0,0,-50,-8,-63,-1
4185,4067,4055,4065,4066,-63,0,0,-50,-8,-63,-1
4191,4066,4055,4066,4067,0,0,0,-50,-8,-63,-1
4196,4065,4055,4065,4067,0,0,0,-50,-8,-63,-1
4200,4066,4055,4065,4066,0,0,0,-50,-8,-63,-1
4206,4066,4055,4065,4066,0,0,0,-50,-8,-63,-1
4211,4066,4055,4065,4066,0,0,0,-50,-8,-63,-1
4216,4067,4054,4065,4066,-63,0,0,-50,-8,-63,-1
4220,4066,4054,4065,4066,0,0,0,-50,-8,-63,-1
4225,4066,4055,4065,4066,0,0,0,-50,-8,-63,-1
4230,4066,4055,4065,4066,0,0,0,-50,-8,-63,-1
4236,4066,4055,4065,4066,0,0,0,-50,-8,-63,-1
4240,4067,4055,4065,4066,0,0,0,-50,-8,-63,-1
4246,4066,4055,4065,4065,-63,0,0,-50,-8,-63,-1
4251,4065,4055,4065,4067,-63,0,0,-50,-8,-63,-1
4256,4065,4055,4065,4067,0,0,0,-50,-8,-63,-1
4261,4066,4055,4066,4066,0,0,0,-50,-8,-63,-1
4266,4067,4055,4065,4066,0,0,0,-50,-8,-63,-1
4271,4066,4054,4065,4065,0,0,0,-50,-8,-63,-1
4276,4066,4054,4065,4066,0,0,0,-50,-8,-63,-1
4281,4067,4055,4065,4065,0,0,0,-50,-8,-63,-1
4286,4066,4055,4065,4066,0,0,0,-50,-8,-63,-1
4291,4065,4055,4065,4066,0,0,0,-50,-8,-63,-1
4296,4065,4054,4065,4065,0,0,0,-50,-8,-63,-1
4300,4066,4055,4065,4066,0,0,0,-50,-8,-63,-1
4306,4066,4055,4065,4066,-63,0,0,-50,-8,-63,-1
4311,4065,4055,4065,4066,0,0,0,-50,-8,-63,-1
4316,4065,4054,4065,4066,0,0,0,-50,-8,-63,-1
4321,4066,4055,4064,4065,0,0,0,-50,-8,-63,-1
4326,4065,4055,4065,4065,0,-63,0,-50,-8,-63,-1
4331,4066,4055,4065,4066,0,0,0,-50,-8,-63,-1
4336,4066,4054,4064,4066,-63,0,0,-50,-8,-63,-1
4341,4066,4055,4066,4065,-63,0,0,-50,-8,-63,-1
4346,4066,4054,4064,4066,-63,0,0,-50,-8,-63,-1
4351,4065,4055,4064,4066,0,0,0,-50,-8,-63,-1
4356,4067,4055,4065,4067,0,0,0,-50,-8,-63,-1
4360,4066,4055,4064,4066,0,0,0,-50,-8,-63,-1
4365,4065,4054,4065,4066,-63,0,0,-50,-8,-63,-1
4370,4066,4055,4064,4067,-63,0,0,-50,-8,-63,-1
4376,4066,4054,4066,4065,-63,0,0,-50,-8,-63,-1
4380,4067,4055,4065,4066,0,0,0,-50,-8,-63,-1
4385,4066,4055,4066,4066,0,0,0,-50,-8,-63,-1
4391,4066,4054,4065,4066,0,0,0,-50,-8,-63,-1
4396,4066,4054,4065,4066,0,0,0,-50,-8,-63,-1
4401,4066,4055,4065,4066,-63,0,0,-50,-8,-63,-1
4406,4065,4055,4066,4066,-63,0,0,-50,-8,-63,-1
4411,4066,4055,4065,4065,-63,0,0,-50,-8,-63,-1
4416,4066,4055,4066,4066,0,0,0,-50,-8,-63,-1
4421,4066,4054,4065,4065,0,-63,0,-50,-8,-63,-1
4426,4066,4054,4064,4066,0,0,0,-50,-8,-63,-1
4431,4066,4055,4065,4066,0,0,0,-50,-8,-63,-1
4435,4066,4055,4064,4067,0,0,0,-50,-8,-63,-1
4440,4066,4054,4065,4066,-63,0,0,-50,-8,-63,-1
4445,4066,4054,4066,4067,-63,0,0,-50,-8,-63,-1
4451,4066,4055,4066,4066,0,0,0,-50,-8,-63,-1
4456,4066,4055,4065,4066,0,0,0,-50,-8,-63,-1
4461,4066,4054,4065,4065,0,0,0,-50,-8,-63,-1
4466,4066,4055,4065,4066,0,0,0,-50,-8,-63,-1
4471,4065,4055,4065,4066,-63,0,0,-50,-8,-63,-1
4476,4066,4055,4065,4066,0,0,0,-50,-8,-63,-1
4481,4066,4054,4066,4066,0,0,0,-50,-8,-63,-1
4486,4066,4055,4066,4066,0,0,0,-50,-8,-63,-1
4491,4065,4054,4065,4066,0,0,0,-50,-8,-63,-1
4496,4066,4054,4065,4066,0,0,0,-50,-8,-63,-1
4501,4066,4055,4065,4066,0,0,0,-50,-8,-63,-1
4506,4066,4055,4066,4066,0,0,0,-50,-8,-63,-1
4511,4066,4055,4066,4065,0,0,0,-50,-8,-63,-1
4516,4065,4055,4065,4066,0,0,0,-50,-8,-63,-1
4521,4066,4054,4065,4066,0,0,0,-50,-8,-63,-1
4526,4066,4054,4065,4067,0,0,0,-50,-8,-63,-1
4531,4066,4055,4065,4067,0,0,0,-50,-8,-63,-1
4536,4066,4055,4066,4066,0,0,0,-50,-8,-63,-1
4540,4067,4055,4065,4066,-63,0,0,-50,-8,-63,-1
4545,4066,4054,4065,4066,-63,0,0,-50,-8,-63,-1
4556,4066,4055,4065,4066,0,0,0,-50,-8,-63,-1
4561,4066,4055,4065,4066,0,0,0,-50,-8,-63,-1
4567,4065,4055,4065,4066,0,0,0,-50,-8,-63,-1
4572,4066,4055,4065,4066,-63,0,0,-50,-8,-63,-1
4577,4066,4054,4065,4067,0,0,0,-50,-8,-63,-1
4582,4066,4054,4065,4067,0,0,0,-50,-8,-63,-1
4587,4066,4054,4065,4066,0,0,0,-50,-8,-63,-1
4592,4066,4055,4065,4066,0,0,0,-50,-8,-63,-1
4597,4067,4055,4065,4066,0,0,0,-50,-8,-63,-1
4602,4066,4055,4065,4067,-63,0,0,-50,-8,-63,-1
4607,4065,4054,4065,4067,-63,0,0,-50,-8,-63,-1
4612,4066,4055,4065,4066,0,0,0,-50,-8,-63,-1
4616,4065,4055,4065,4066,0,0,0,-50,-8,-63,-1
4622,4065,4054,4066,4067,0,0,0,-50,-8,-63,-1
4627,4066,4055,4065,4066,0,0,0,-50,-8,-63,-1
4631,4066,4055,4065,4066,-63,0,0,-50,-8,-63,-1
4636,4066,4055,4065,4067,-63,0,0,-50,-8,-63,-1
4641,4066,4055,4065,4066,-63,0,0,-50,-8,-63,-1
4647,4066,4055,4064,4066,0,0,0,-50,-8,-63,-1
4652,4066,4055,4066,4065,0,0,0,-50,-8,-63,-1
4657,4066,4055,4067,4065,0,0,0,-50,-8,-63,-1
4662,4066,4055,4065,4066,0,0,0,-50,-8,-63,-1
4667,4066,4055,4065,4067,0,0,0,-50,-8,-63,-1
4672,4066,4054,4065,4066,0,0,0,-50,-8,-63,-1
4677,4066,4054,4065,4067,0,0,0,-50,-8,-63,-1
4682,4066,4055,4065,4066,0,0,0,-50,-8,-63,-1
4687,4066,4055,4066,4067,0,0,0,-50,-8,-63,-1
4692,4066,4055,4065,4066,0,0,0,-50,-8,-63,-1
4697,4067,4054,4065,4066,0,0,0,-50,-8,-63,-1
4702,4065,4054,4065,4066,0,0,0,-50,-8,-63,-1
4707,4066,4055,4065,4066,0,0,0,-50,-8,-63,-1
4712,4065,4055,4065,4065,0,0,0,-50,-8,-63,-1
4717,4066,4054,4065,4066,0,0,0,-50,-8,-63,-1
4722,4066,4055,4065,4066,-63,0,0,-50,-8,-63,-1
4727,4066,4055,4065,4066,0,0,0,-50,-8,-63,-1
4732,4066,4054,4065,4066,0,0,0,-50,-8,-63,-1
4737,4066,4055,4065,4066,0,0,0,-50,-8,-63,-1
4743,4066,4055,4065,4066,0,0,0,-50,-8,-63,-1
4748,4065,4054,4065,4066,-63,0,0,-50,-8,-63,-1
4752,4066,4055,4066,4066,0,0,0,-50,-8,-63,-1
4758,4066,4055,4064,4065,0,0,0,-50,-8,-63,-1
4763,4066,4055,4065,4066,0,0,0,-50,-8,-63,-1
4768,4066,4055,4064,4066,0,0,0,-50,-8,-63,-1
4773,4066,4055,4066,4066,0,0,0,-50,-8,-63,-1
4778,4067,4054,4065,4066,0,0,0,-50,-8,-63,-1
4783,4065,4055,4065,4066,-63,0,0,-50,-8,-63,-1
4788,4066,4055,4066,4065,-63,0,0,-50,-8,-63,-1
4793,4066,4055,4065,4066,-63,0,0,-50,-8,-63,-1
4798,4066,4055,4065,4065,0,0,0,-50,-8,-63,-1
4803,4066,4055,4066,4065,-63,0,0,-50,-8,-63,-1
4808,4065,4055,4065,4066,-63,0,-63,-50,-8,-63,-1
4813,4066,4055,4066,4066,-63,0,-63,-50,-8,-63,-1
4818,4064,4055,4066,4067,-63,0,0,-50,-8,-63,-1
4823,4066,4055,4065,4066,-63,0,0,-50,-8,-63,-1
4828,4066,4055,4065,4065,0,0,0,-50,-8,-63,-1
4833,4065,4054,4065,4066,0,-63,0,-50,-8,-63,-1
4838,4066,4055,4065,4066,0,0,0,-50,-8,-63,-1
4843,4065,4055,4065,4066,0,-63,0,-50,-8,-63,-1
4848,4066,4055,4065,4065,0,-63,0,-50,-8,-63,-1
4853,4066,4055,4066,4067,0,0,0,-50,-8,-63,-1
4858,4066,4054,4065,4065,0,0,0,-50,-8,-63,-1
4863,4066,4055,4065,4066,0,0,0,-50,-8,-63,-1
4868,4066,4054,4065,4066,0,0,0,-50,-8,-63,-1
4873,4066,4055,4066,4066,0,0,-63,-50,-8,-63,-1
4878,4066,4054,4065,4066,-63,0,0,-50,-8,-63,-1
4883,4065,4055,4065,4065,0,0,0,-50,-8,-63,-1
4888,4066,4055,4065,4066,0,0,0,-50,-8,-63,-1
4893,4066,4054,4065,4065,-63,0,0,-50,-8,-63,-1
4898,4066,4054,4065,4066,-63,0,-63,-50,-8,-63,-1
4903,4065,4054,4065,4066,0,0,0,-50,-8,-63,-1
4908,4066,4055,4065,4067,-63,0,0,-50,-8,-63,-1
4913,4066,4055,4065,4066,-63,0,0,-50,-8,-63,-1
4918,4065,4055,4065,4066,-63,0,0,-50,-8,-63,-1
4923,4065,4054,4064,4067,-63,0,0,-50,-8,-63,-1
4928,4066,4055,4065,4066,0,0,0,-50,-8,-63,-1
4933,4066,4054,4065,4065,0,0,0,-50,-8,-63,-1
4938,4064,4055,4065,4067,0,0,0,-50,-8,-63,-1
4943,4065,4055,4065,4065,-63,0,0,-50,-8,-63,-1
4948,4066,4055,4065,4067,-63,0,0,-50,-8,-63,-1
4953,4066,4054,4066,4067,-63,0,0,-50,-8,-63,-1
4958,4067,4055,4065,4066,0,0,0,-50,-8,-63,-1
4963,4066,4055,4065,4065,0,0,0,-50,-8,-63,-1
4968,4066,4055,4065,4066,0,0,-63,-50,-8,-63,-1
4973,4065,4055,4065,4066,0,0,0,-50,-8,-63,-1
4978,4066,4054,4064,4066,-63,0,0,-50,-8,-63,-1
4983,4065,4054,4065,4067,0,0,0,-50,-8,-63,-1
4988,4065,4054,4065,4066,0,0,-63,-50,-8,-63,-1
4993,4066,4055,4065,4066,0,0,-63,-50,-8,-63,-1
4998,4066,4055,4065,4067,0,0,0,-50,-8,-63,-1
5003,4066,4055,4066,4065,0,0,0,-50,-8,-63,-1
5008,4065,4055,4065,4066,0,-63,0,-50,-8,-63,-1
5013,4065,4055,4065,4066,0,0,0,-50,-8,-63,-1
5018,4066,4055,4065,4065,0,0,0,-50,-8,-63,-1
5023,4066,4055,4065,4066,-63,0,0,-50,-8,-63,-1
5028,4066,4054,4065,4065,0,0,0,-50,-8,-63,-1
5033,4066,4055,4065,4066,0,0,0,-50,-8,-63,-1
5038,4066,4054,4065,4066,0,0,0,-50,-8,-63,-1
5043,4065,4055,4066,4066,-63,0,0,-50,-8,-63,-1
5048,4067,4055,4065,4066,0,0,0,-50,-8,-63,-1
5053,4066,4054,4066,4066,-63,0,0,-50,-8,-63,-1
5058,4067,4054,4065,4067,-63,0,0,-50,-8,-63,-1
5063,4066,4055,4065,4066,-63,0,0,-50,-8,-63,-1
5068,4065,4055,4066,4066,0,-63,0,-50,-8,-63,-1
5073,4066,4055,4065,4066,0,-63,0,-50,-8,-63,-1
5078,4066,4055,4066,4066,0,-63,0,-50,-8,-63,-1
5083,4066,4055,4065,4066,0,0,0,-50,-8,-63,-1
5088,4066,4055,4064,4067,0,0,0,-50,-8,-63,-1
5093,4065,4054,4065,4066,0,0,0,-50,-8,-63,-1
5098,4066,4055,4065,4066,0,0,-63,-50,-8,-63,-1
5103,4066,4055,4066,4066,0,0,-63,-50,-8,-63,-1
5108,4066,4055,4065,4066,0,0,-63,-50,-8,-63,-1
5113,4066,4055,4066,4065,0,0,0,-50,-8,-63,-1
5118,4066,4055,4065,4066,-63,0,0,-50,-8,-63,-1
5123,4067,4055,4065,4066,0,0,0,-50,-8,-63,-1
5128,4065,4055,4065,4066,0,0,0,-50,-8,-63,-1
5133,4065,4054,4065,4066,0,0,0,-50,-8,-63,-1
5138,4065,4055,4065,4067,0,0,0,-50,-8,-63,-1
5143,4066,4054,4065,4066,0,0,0,-50,-8,-63,-1
5148,4066,4055,4065,4067,0,0,0,-50,-8,-63,-1
5153,4065,4055,4065,4066,0,0,0,-50,-8,-63,-1
5158,4065,4055,4065,4065,-63,0,0,-50,-8,-63,-1
5163,4065,4055,4064,4066,-63,0,0,-50,-8,-63,-1
5168,4066,4055,4066,4066,0,0,0,-50,-8,-63,-1
5173,4066,4055,4065,4066,0,0,0,-50,-8,-63,-1
5178,4066,4054,4064,4066,0,0,0,-50,-8,-63,-1
5183,4065,4055,4065,4067,0,0,0,-50,-8,-63,-1
5188,4064,4055,4065,4066,-63,0,0,-50,-8,-63,-1
5193,4065,4054,4065,4066,-63,0,0,-50,-8,-63,-1
5198,4066,4054,4066,4065,0,0,0,-50,-8,-63,-1
5203,4065,4054,4065,4066,0,0,0,-50,-8,-63,-1
5208,4066,4055,4065,4066,0,0,0,-50,-8,-63,-1
5213,4065,4055,4065,4065,0,0,0,-50,-8,-63,-1
5218,4064,4055,4065,4066,0,0,0,-50,-8,-63,-1
5223,4065,4054,4066,4066,0,0,0,-50,-8,-63,-1
5228,4066,4055,4065,4066,0,0,0,-50,-8,-63,-1
5233,4066,4055,4066,4066,0,0,0,-50,-8,-63,-1
5238,4066,4055,4065,4067,0,0,0,-50,-8,-63,-1
5243,4065,4054,4066,4065,0,0,0,-50,-8,-63,-1
5248,4066,4055,4065,4066,0,0,0,-50,-8,-63,-1
5253,4066,4054,4066,4066,-63,0,0,-50,-8,-63,-1
5258,4065,4055,4065,4066,-63,0,0,-50,-8,-63,-1
5263,4066,4055,4065,4066,0,0,0,-50,-8,-63,-1
5268,4065,4055,4065,4065,0,0,0,-50,-8,-63,-1
5273,4066,4055,4065,4065,0,0,0,-50,-8,-63,-1
5278,4066,4054,4065,4066,0,0,0,-50,-8,-63,-1
5283,4066,4054,4065,4066,0,0,0,-50,-8,-63,-1
5288,4066,4054,4066,4065,0,0,0,-50,-8,-63,-1
5293,4066,4055,4065,4066,0,0,0,-50,-8,-63,-1
5298,4066,4054,4065,4066,0,0,0,-50,-8,-63,-1
5303,4066,4055,4065,4067,0,0,0,-50,-8,-63,-1
5308,4066,4054,4065,4067,0,0,0,-50,-8,-63,-1
5313,4065,4054,4066,4065,0,0,0,-50,-8,-63,-1
5318,4065,4055,4066,4066,0,0,0,-50,-8,-63,-1
5323,4065,4055,4065,4066,0,0,0,-50,-8,-63,-1
5328,4065,4054,4065,4066,0,0,0,-50,-8,-63,-1
5333,4067,4054,4065,4066,0,0,0,-50,-8,-63,-1
5338,4065,4055,4064,4067,0,0,0,-50,-8,-63,-1
5343,4066,4055,4065,4066,0,0,0,-50,-8,-63,-1
5348,4066,4054,4065,4065,0,0,0,-50,-8,-63,-1
5353,4065,4054,4065,4066,0,0,0,-50,-8,-63,-1
5358,4066,4055,4066,4066,-63,0,0,-50,-8,-63,-1
5363,4065,4054,4065,4066,-63,0,0,-50,-8,-63,-1
5368,4066,4054,4066,4065,0,0,0,-50,-8,-63,-1
5373,4065,4055,4064,4066,0,0,0,-50,-8,-63,-1
5378,4065,4055,4065,4066,0,0,0,-50,-8,-63,-1
5384,4066,4055,4065,4066,0,0,0,-50,-8,-63,-1
5388,4065,4055,4065,4066,0,0,0,-50,-8,-63,-1
5393,4065,4055,4065,4066,-63,0,0,-50,-8,-63,-1
5398,4066,4054,4065,4065,-63,0,0,-50,-8,-63,-1
5404,4066,4054,4066,4065,0,0,0,-50,-8,-63,-1
5408,4066,4055,4064,4066,0,0,0,-50,-8,-63,-1
5413,4066,4055,4066,4066,0,0,0,-50,-8,-63,-1
5418,4066,4055,4066,4065,0,0,0,-50,-8,-63,-1
5424,4066,4054,4065,4066,-63,0,0,-50,-8,-63,-1
5428,4066,4055,4065,4066,-63,0,0,-50,-8,-63,-1
5433,4066,4055,4066,4067,0,0,0,-50,-8,-63,-1
5438,4067,4054,4065,4066,0,0,0,-50,-8,-63,-1
5444,4066,4054,4066,4066,0,0,0,-50,-8,-63,-1
5449,4066,4055,4066,4066,0,0,0,-50,-8,-63,-1
5454,4065,4055,4065,4067,0,0,0,-50,-8,-63,-1
5459,4065,4054,4065,4066,-63,0,0,-50,-8,-63,-1
5464,4066,4055,4066,4065,-63,0,0,-50,-8,-63,-1
5469,4065,4055,4066,4066,0,0,0,-50,-8,-63,-1
5474,4065,4054,4065,4066,0,0,0,-50,-8,-63,-1
5479,4066,4055,4066,4065,0,0,0,-50,-8,-63,-1
5484,4066,4055,4066,4066,0,0,0,-50,-8,-63,-1
5489,4065,4055,4065,4066,-63,0,0,-50,-8,-63,-1
5495,4066,4054,4065,4065,-63,0,0,-50,-8,-63,-1
5500,4065,4054,4065,4066,0,0,0,-50,-8,-63,-1
5506,4066,4054,4065,4066,0,0,-63,-50,-8,-63,-1
5511,4066,4054,4066,4066,0,0,0,-50,-8,-63,-1
5516,4065,4055,4065,4066,0,0,0,-50,-8,-63,-1
5521,4065,4054,4065,4066,-63,0,0,-50,-8,-63,-1
5526,4067,4055,4065,4066,-63,0,0,-50,-8,-63,-1
5531,4066,4054,4065,4066,0,0,0,-50,-8,-63,-1
5536,4066,4055,4066,4067,0,0,0,-50,-8,-63,-1
5541,4066,4055,4066,4066,0,0,0,-50,-8,-63,-1
5546,4065,4054,4065,4066,0,0,0,-50,-8,-63,-1
5551,4065,4055,4066,4066,0,0,0,-50,-8,-63,-1
5556,4067,4055,4064,4066,-63,0,0,-50,-8,-63,-1
5560,4065,4055,4065,4066,-63,0,0,-50,-8,-63,-1
5565,4066,4055,4065,4066,0,0,0,-50,-8,-63,-1
5571,4066,4055,4065,4066,0,0,0,-50,-8,-63,-1
5576,4066,4055,4065,4067,0,0,0,-50,-8,-63,-1
5580,4066,4054,4065,4066,0,0,0,-50,-8,-63,-1
5585,4064,4054,4066,4066,0,0,0,-50,-8,-63,-1
5591,4065,4054,4065,4065,0,0,0,-50,-8,-63,-1
5596,4066,4055,4065,4067,0,0,0,-50,-8,-63,-1
5600,4065,4054,4065,4065,0,0,0,-50,-8,-63,-1
5605,4065,4054,4065,4067,0,0,0,-50,-8,-63,-1
5611,4066,4055,4066,4066,0,0,0,-50,-8,-63,-1
5616,4066,4055,4064,4067,0,0,0,-50,-8,-63,-1
5620,4065,4054,4065,4066,0,0,0,-50,-8,-63,-1
5625,4065,4055,4065,4066,0,0,0,-50,-8,-63,-1
5631,4065,4055,4066,4066,0,0,0,-50,-8,-63,-1
5636,4065,4055,4065,4066,0,0,0,-50,-8,-63,-1
5640,4066,4055,4065,4066,0,0,0,-50,-8,-63,-1
5646,4066,4055,4065,4066,0,0,0,-50,-8,-63,-1
5651,4066,4054,4065,4066,0,0,0,-50,-8,-63,-1
5656,4066,4054,4065,4066,0,0,0,-50,-8,-63,-1
5661,4066,4054,4065,4066,0,0,0,-50,-8,-63,-1
5666,4066,4054,4065,4065,0,0,0,-50,-8,-63,-1
5671,4066,4054,4065,4066,-63,0,0,-50,-8,-63,-1
5676,4065,4055,4065,4066,0,0,0,-50,-8,-63,-1
5680,4066,4055,4065,4065,0,0,0,-50,-8,-63,-1
5685,4065,4054,4066,4066,0,0,0,-50,-8,-63,-1
5691,4066,4055,4064,4066,0,0,0,-50,-8,-63,-1
5696,4067,4054,4065,4066,0,0,0,-50,-8,-63,-1
5700,4066,4054,4065,4066,-63,0,0,-50,-8,-63,-1
5706,4066,4055,4065,4066,0,0,0,-50,-8,-63,-1
5711,4066,4055,4066,4066,0,0,0,-50,-8,-63,-1
5716,4067,4054,4064,4067,0,0,0,-50,-8,-63,-1
5720,4065,4054,4065,4067,0,0,0,-50,-8,-63,-1
5725,4065,4055,4065,4067,0,0,0,-50,-8,-63,-1
5731,4067,4054,4065,4066,0,0,0,-50,-8,-63,-1
5736,4066,4054,4065,4066,0,0,0,-50,-8,-63,-1
5740,4065,4055,4065,4065,0,0,0,-50,-8,-63,-1
5746,4066,4055,4066,4066,0,0,0,-50,-8,-63,-1
5751,4066,4055,4065,4066,0,0,0,-50,-8,-63,-1
5756,4066,4055,4066,4066,0,0,0,-50,-8,-63,-1
5761,4066,4054,4064,4066,0,0,0,-50,-8,-63,-1
5766,4065,4055,4065,4066,-63,0,0,-50,-8,-63,-1
5771,4065,4054,4065,4066,-63,0,0,-50,-8,-63,-1
5776,4066,4055,4066,4066,0,0,0,-50,-8,-63,-1
5780,4065,4055,4066,4066,0,0,0,-50,-8,-63,-1
5785,4066,4054,4065,4067,0,0,0,-50,-8,-63,-1
5791,4066,4055,4065,4066,0,0,0,-50,-8,-63,-1
5796,4065,4055,4066,4066,0,0,0,-50,-8,-63,-1
5800,4066,4054,4066,4066,-63,0,0,-50,-8,-63,-1
5805,4066,4055,4065,4066,-63,0,0,-50,-8,-63,-1
5810,4066,4055,4065,4066,0,0,0,-50,-8,-63,-1
5816,4067,4054,4065,4066,0,0,0,-50,-8,-63,-1
5820,4066,4055,4066,4066,0,0,0,-50,-8,-63,-1
5825,4066,4055,4065,4066,0,0,0,-50,-8,-63,-1
5830,4065,4054,4065,4065,-63,0,0,-50,-8,-63,-1
5836,4065,4054,4065,4066,-63,0,0,-50,-8,-63,-1
5840,4065,4055,4065,4066,0,0,0,-50,-8,-63,-1
5845,4066,4054,4065,4065,0,0,0,-50,-8,-63,-1
5851,4066,4055,4065,4066,0,0,0,-50,-8,-63,-1
5856,4065,4054,4065,4066,0,0,0,-50,-8,-63,-1
5861,4065,4054,4065,4066,-63,0,0,-50,-8,-63,-1
5866,4066,4055,4065,4066,0,0,0,-50,-8,-63,-1
5871,4065,4055,4065,4066,0,0,0,-50,-8,-63,-1
5876,4066,4054,4065,4067,0,0,0,-50,-8,-63,-1
5880,4066,4055,4065,4066,0,0,0,-50,-8,-63,-1
5885,4065,4054,4066,4066,0,0,0,-50,-8,-63,-1
5891,4066,4054,4065,4066,0,0,0,-50,-8,-63,-1
5896,4066,4054,4065,4066,0,0,0,-50,-8,-63,-1
5901,4066,4054,4065,4066,-63,0,0,-50,-8,-63,-1
5906,4066,4055,4065,4066,-63,0,0,-50,-8,-63,-1
5911,4065,4055,4065,4066,0,0,0,-50,-8,-63,-1
5916,4066,4055,4065,4066,0,0,0,-50,-8,-63,-1
5920,4065,4054,4066,4066,0,0,0,-50,-8,-63,-1
5925,4066,4055,4065,4065,0,0,0,-50,-8,-63,-1
5931,4065,4055,4065,4066,0,0,0,-50,-8,-63,-1
5936,4066,4055,4064,4065,0,0,0,-50,-8,-63,-1
